auth_id,member_id,authorized_caller_name,relationship,auth_on_file,expiration_date,auth_expired,date_added
ROI00005,MBR00003,,,false,,false,
ROI00006,MBR00004,,,false,,false,
ROI00007,MBR00005,,,false,,false,
ROI00008,MBR00006,,,false,,false,
ROI00012,MBR00009,,,false,,false,
ROI00019,MBR00012,,,false,,false,
ROI00022,MBR00014,,,false,,false,
ROI00023,MBR00015,,,false,,false,
ROI00032,MBR00020,,,false,,false,
ROI00033,MBR00021,,,false,,false,
ROI00041,MBR00025,,,false,,false,
ROI00049,MBR00029,,,false,,false,
ROI00060,MBR00034,,,false,,false,
ROI00061,MBR00035,,,false,,false,
ROI00070,MBR00040,,,false,,false,
ROI00078,MBR00046,,,false,,false,
ROI00102,MBR00058,,,false,,false,
ROI00112,MBR00063,,,false,,false,
ROI00113,MBR00064,,,false,,false,
ROI00116,MBR00066,,,false,,false,
ROI00126,MBR00073,,,false,,false,
ROI00131,MBR00076,,,false,,false,
ROI00155,MBR00088,,,false,,false,
ROI00164,MBR00093,,,false,,false,
ROI00178,MBR00099,,,false,,false,
ROI00185,MBR00103,,,false,,false,
ROI00193,MBR00107,,,false,,false,
ROI00200,MBR00111,,,false,,false,
ROI00201,MBR00112,,,false,,false,
ROI00210,MBR00118,,,false,,false,
ROI00218,MBR00122,,,false,,false,
ROI00230,MBR00127,,,false,,false,
ROI00235,MBR00130,,,false,,false,
ROI00237,MBR00132,,,false,,false,
ROI00238,MBR00133,,,false,,false,
ROI00242,MBR00136,,,false,,false,
ROI00243,MBR00137,,,false,,false,
ROI00251,MBR00142,,,false,,false,
ROI00254,MBR00144,,,false,,false,
ROI00255,MBR00145,,,false,,false,
ROI00267,MBR00151,,,false,,false,
ROI00269,MBR00153,,,false,,false,
ROI00270,MBR00154,,,false,,false,
ROI00278,MBR00158,,,false,,false,
ROI00279,MBR00159,,,false,,false,
ROI00289,MBR00165,,,false,,false,
ROI00296,MBR00169,,,false,,false,
ROI00301,MBR00172,,,false,,false,
ROI00305,MBR00174,,,false,,false,
ROI00308,MBR00176,,,false,,false,
ROI00312,MBR00178,,,false,,false,
ROI00315,MBR00180,,,false,,false,
ROI00325,MBR00184,,,false,,false,
ROI00331,MBR00187,,,false,,false,
ROI00339,MBR00191,,,false,,false,
ROI00340,MBR00192,,,false,,false,
ROI00341,MBR00193,,,false,,false,
ROI00348,MBR00197,,,false,,false,
ROI00349,MBR00198,,,false,,false,
ROI00021,MBR00013,Jonathan Harris,Child,true,2026-11-07,false,2020-08-07
ROI00026,MBR00017,Brandy Stewart,Child,true,2027-11-18,false,2021-05-20
ROI00027,MBR00017,Amanda Conner,Child,true,2028-04-27,false,2025-08-24
ROI00037,MBR00023,Beth Thompson,Child,true,2027-10-24,false,2026-03-23
ROI00040,MBR00024,Craig Coleman,Child,true,2028-02-21,false,2020-06-19
ROI00042,MBR00026,Elizabeth Ray,Child,true,2026-07-13,false,2023-08-24
ROI00043,MBR00027,Christina Huffman,Child,true,2026-11-05,false,2023-09-17
ROI00051,MBR00030,Douglas Hart,Child,true,2027-10-09,false,2025-01-18
ROI00063,MBR00036,Isabel Brown,Child,true,2026-12-06,false,2026-03-30
ROI00065,MBR00037,Thomas Ward,Child,true,2028-01-12,false,2021-04-06
ROI00067,MBR00038,Larry Blackburn,Child,true,2028-01-11,false,2025-10-18
ROI00087,MBR00051,Cheryl Bird,Child,true,2026-09-10,false,2023-03-01
ROI00093,MBR00053,Mary Mccormick,Child,true,2028-01-09,false,2024-05-09
ROI00098,MBR00056,Ethan Allen,Child,true,2026-07-03,false,2021-06-02
ROI00099,MBR00056,James Bishop,Child,true,2026-07-02,false,2024-11-02
ROI00101,MBR00057,Seth Morales,Child,true,2028-01-22,false,2024-04-06
ROI00109,MBR00061,Tracy Fitzgerald,Child,true,2026-10-29,false,2021-10-28
ROI00118,MBR00068,Sherri Glover,Child,true,2026-08-13,false,2023-11-02
ROI00119,MBR00069,Amanda Jimenez,Child,true,2027-09-23,false,2023-02-14
ROI00129,MBR00075,Robert Cook II,Child,true,2026-07-24,false,2024-12-09
ROI00130,MBR00075,Tammy Brown,Child,true,2026-08-03,false,2022-03-28
ROI00135,MBR00078,Earl Rodriguez,Child,true,2027-01-28,false,2026-05-13
ROI00142,MBR00081,Leslie Rodriguez,Child,true,2028-04-19,false,2022-01-20
ROI00160,MBR00091,Meredith Kelley,Child,true,2028-05-13,false,2020-04-07
ROI00176,MBR00098,Wendy Lambert,Child,true,2026-06-13,false,2020-05-08
ROI00179,MBR00100,Mark Wallace,Child,true,2028-02-28,false,2023-10-11
ROI00180,MBR00100,Bruce Martinez,Child,true,2028-03-01,false,2026-02-12
ROI00181,MBR00100,Susan Walker,Child,true,2027-06-12,false,2024-03-11
ROI00191,MBR00105,Marissa Molina,Child,true,2027-05-18,false,2021-10-20
ROI00202,MBR00113,Angel Bautista,Child,true,2027-07-08,false,2021-07-11
ROI00205,MBR00115,Yesenia Obrien,Child,true,2027-05-07,false,2020-12-25
ROI00207,MBR00116,Andrew Thomas,Child,true,2026-07-27,false,2024-09-12
ROI00208,MBR00116,Cindy Anderson,Child,true,2028-04-27,false,2020-02-04
ROI00211,MBR00119,Jennifer Pierce,Child,true,2026-07-05,false,2020-01-05
ROI00229,MBR00126,Devin Garcia,Child,true,2028-02-29,false,2022-07-25
ROI00239,MBR00134,Keith Adams,Child,true,2027-06-12,false,2021-02-26
ROI00240,MBR00134,Margaret Wood,Child,true,2027-02-14,false,2020-06-18
ROI00246,MBR00139,Michelle Bradshaw,Child,true,2028-02-25,false,2020-10-17
ROI00259,MBR00147,Adrienne Coleman,Child,true,2027-02-04,false,2020-12-10
ROI00264,MBR00150,Stephanie Thompson,Child,true,2027-06-30,false,2021-06-14
ROI00266,MBR00150,Jon Jackson,Child,true,2026-09-08,false,2022-11-13
ROI00273,MBR00155,Mark Long,Child,true,2028-03-08,false,2022-09-10
ROI00285,MBR00162,Jacob Mcclain,Child,true,2028-03-21,false,2024-01-16
ROI00298,MBR00170,Tyler Sparks,Child,true,2028-01-28,false,2024-08-28
ROI00299,MBR00171,Gregory Smith,Child,true,2027-04-30,false,2020-08-16
ROI00300,MBR00171,Amber Gallegos,Child,true,2027-09-16,false,2025-02-18
ROI00303,MBR00173,Douglas Miller,Child,true,2027-06-09,false,2021-05-07
ROI00310,MBR00177,Nicholas Carr,Child,true,2026-12-25,false,2020-04-13
ROI00321,MBR00182,Danielle Jacobson,Child,true,2028-04-18,false,2021-05-06
ROI00334,MBR00188,Cheryl Griffin,Child,true,2027-06-07,false,2024-09-29
ROI00338,MBR00190,Michael Snow,Child,true,2027-11-09,false,2024-04-10
ROI00347,MBR00196,Tyler Brown,Child,true,2026-11-05,false,2021-09-17
ROI00011,MBR00008,Patricia Anderson,Legal Guardian,true,2026-08-29,false,2021-02-13
ROI00035,MBR00022,Amy Vasquez,Legal Guardian,true,2028-05-08,false,2020-12-13
ROI00045,MBR00027,Jay Lynch,Legal Guardian,true,2028-05-26,false,2021-03-01
ROI00053,MBR00031,April Hensley,Legal Guardian,true,2028-04-25,false,2021-05-20
ROI00057,MBR00032,Stephen Riddle,Legal Guardian,true,2027-11-18,false,2020-09-06
ROI00068,MBR00038,David Lane,Legal Guardian,true,2027-11-19,false,2026-03-31
ROI00080,MBR00047,Paul Hale,Legal Guardian,true,2028-02-02,false,2021-02-04
ROI00085,MBR00049,Mr. Brian Bradley,Legal Guardian,true,2027-08-27,false,2024-05-16
ROI00100,MBR00057,Shelley Drake,Legal Guardian,true,2027-09-18,false,2025-11-08
ROI00125,MBR00072,Douglas Ball,Legal Guardian,true,2027-06-04,false,2020-08-29
ROI00133,MBR00077,Martha Glover,Legal Guardian,true,2027-10-18,false,2020-12-20
ROI00138,MBR00079,James Mclaughlin,Legal Guardian,true,2026-10-06,false,2020-12-26
ROI00147,MBR00083,Francisco Shaw,Legal Guardian,true,2028-02-02,false,2022-10-26
ROI00158,MBR00090,Gregory Myers,Legal Guardian,true,2026-09-15,false,2020-03-19
ROI00162,MBR00092,Amy Michael,Legal Guardian,true,2028-05-25,false,2021-12-26
ROI00163,MBR00092,Matthew Ray,Legal Guardian,true,2026-06-10,false,2021-07-07
ROI00166,MBR00094,Robert Gonzalez,Legal Guardian,true,2026-11-18,false,2020-07-26
ROI00168,MBR00095,Richard Garrison,Legal Guardian,true,2027-05-31,false,2022-11-29
ROI00170,MBR00096,Anthony Kelly,Legal Guardian,true,2026-09-20,false,2022-02-22
ROI00172,MBR00097,Gina Hamilton,Legal Guardian,true,2028-02-04,false,2020-04-24
ROI00187,MBR00104,Shannon Medina,Legal Guardian,true,2027-10-13,false,2021-05-28
ROI00223,MBR00124,Paula Thomas,Legal Guardian,true,2027-10-13,false,2022-06-03
ROI00236,MBR00131,Michelle Sandoval,Legal Guardian,true,2027-03-20,false,2021-09-03
ROI00248,MBR00140,Randy Bruce,Legal Guardian,true,2028-05-09,false,2020-10-30
ROI00252,MBR00143,Timothy Stokes,Legal Guardian,true,2027-02-18,false,2026-01-25
ROI00276,MBR00156,Sarah Brown,Legal Guardian,true,2027-02-10,false,2023-02-27
ROI00282,MBR00161,Joseph Roach,Legal Guardian,true,2027-06-23,false,2024-05-18
ROI00284,MBR00162,Danielle Ruiz,Legal Guardian,true,2027-07-26,false,2023-01-03
ROI00316,MBR00181,Curtis Lin,Legal Guardian,true,2026-07-27,false,2024-01-02
ROI00333,MBR00188,Warren Henson,Legal Guardian,true,2027-06-17,false,2022-06-28
ROI00343,MBR00194,Jacob Soto,Legal Guardian,true,2028-01-02,false,2022-01-19
ROI00344,MBR00195,Jeffrey Webb,Legal Guardian,true,2028-04-22,false,2024-11-15
ROI00351,MBR00200,Joseph Palmer Jr.,Legal Guardian,true,2028-01-04,false,2026-05-07
ROI00352,MBR00200,Jordan Hart,Legal Guardian,true,2026-11-14,false,2022-01-24
ROI00002,MBR00002,Marcus Williams,Parent,true,2026-12-15,false,2023-03-30
ROI00010,MBR00007,Mark Price,Parent,true,2027-04-24,false,2020-10-02
ROI00017,MBR00011,Alexis Smith,Parent,true,2028-01-22,false,2024-12-23
ROI00018,MBR00011,Becky Young,Parent,true,2026-06-23,false,2025-01-01
ROI00024,MBR00016,Martin Young,Parent,true,2027-05-26,false,2024-04-29
ROI00028,MBR00018,Robert Christensen,Parent,true,2027-06-15,false,2020-07-12
ROI00030,MBR00019,Anthony Hardin,Parent,true,2027-03-29,false,2021-08-19
ROI00036,MBR00023,Amy Braun,Parent,true,2027-01-07,false,2021-11-12
ROI00048,MBR00028,Elizabeth Medina,Parent,true,2026-12-03,false,2024-01-12
ROI00050,MBR00030,Casey James,Parent,true,2027-01-11,false,2020-09-27
ROI00058,MBR00032,Timothy Martin,Parent,true,2027-04-19,false,2025-05-25
ROI00075,MBR00043,Stacie Willis,Parent,true,2027-07-07,false,2020-09-09
ROI00076,MBR00044,Nicole Glass,Parent,true,2027-12-28,false,2022-09-26
ROI00082,MBR00048,Raymond Butler,Parent,true,2027-06-23,false,2023-09-11
ROI00122,MBR00071,Mr. David Jackson,Parent,true,2026-12-14,false,2025-01-27
ROI00124,MBR00071,Alyssa Hickman MD,Parent,true,2027-12-17,false,2020-01-26
ROI00134,MBR00078,Jessica Hall,Parent,true,2027-04-25,false,2023-04-15
ROI00143,MBR00081,Samuel Stewart,Parent,true,2026-08-19,false,2022-05-23
ROI00148,MBR00084,Denise Abbott,Parent,true,2027-11-07,false,2021-12-25
ROI00151,MBR00085,Brittany Moran,Parent,true,2027-09-09,false,2020-07-24
ROI00159,MBR00090,Nicholas Campbell,Parent,true,2026-11-02,false,2024-12-28
ROI00161,MBR00092,Frank Moody,Parent,true,2027-06-24,false,2023-01-02
ROI00167,MBR00094,Heidi Chase,Parent,true,2026-08-29,false,2022-05-28
ROI00174,MBR00097,James Turner,Parent,true,2026-06-19,false,2022-06-04
ROI00196,MBR00109,Marissa Miller,Parent,true,2027-01-20,false,2023-09-17
ROI00203,MBR00114,Elaine Ferguson,Parent,true,2027-03-25,false,2025-02-12
ROI00222,MBR00124,Gary Davis,Parent,true,2026-07-31,false,2022-08-26
ROI00226,MBR00125,Becky Fox,Parent,true,2027-05-15,false,2020-08-06
ROI00233,MBR00129,Kristen Macias,Parent,true,2026-08-16,false,2022-03-14
ROI00260,MBR00148,Haley Gamble,Parent,true,2027-06-15,false,2023-03-21
ROI00263,MBR00149,Christopher Conrad,Parent,true,2027-01-26,false,2020-02-04
ROI00277,MBR00157,Joe Evans,Parent,true,2027-06-19,false,2025-12-17
ROI00281,MBR00161,Adam Jordan,Parent,true,2027-11-03,false,2022-12-29
ROI00283,MBR00161,Thomas Smith,Parent,true,2028-05-16,false,2025-08-07
ROI00286,MBR00163,Debra Mayo,Parent,true,2027-06-24,false,2024-05-28
ROI00288,MBR00164,Abigail Stephenson,Parent,true,2027-08-25,false,2021-06-02
ROI00293,MBR00167,Victoria Wilson,Parent,true,2027-05-06,false,2024-04-10
ROI00297,MBR00170,Natalie Petersen,Parent,true,2026-08-02,false,2026-02-08
ROI00306,MBR00175,Douglas Wilson,Parent,true,2027-05-01,false,2023-02-18
ROI00311,MBR00177,Scott Fuller,Parent,true,2028-05-18,false,2021-08-27
ROI00318,MBR00181,Courtney Simmons,Parent,true,2026-07-05,false,2023-08-26
ROI00328,MBR00186,Robert Paul,Parent,true,2027-10-19,false,2021-06-07
ROI00329,MBR00186,Lisa Allen,Parent,true,2027-06-27,false,2022-05-23
ROI00346,MBR00196,Donald Ponce,Parent,true,2027-01-01,false,2021-06-20
ROI00013,MBR00010,Philip Watts,Power of Attorney,true,2027-02-22,false,2024-05-09
ROI00034,MBR00022,Kelly White,Power of Attorney,true,2027-03-29,false,2025-07-05
ROI00046,MBR00028,Christopher Mckay,Power of Attorney,true,2027-07-20,false,2023-03-19
ROI00054,MBR00031,Jacqueline Sullivan,Power of Attorney,true,2026-11-07,false,2025-09-30
ROI00055,MBR00031,James Harmon,Power of Attorney,true,2028-04-16,false,2024-04-30
ROI00056,MBR00032,Eric Archer,Power of Attorney,true,2028-01-24,false,2025-12-01
ROI00072,MBR00042,Valerie Miller,Power of Attorney,true,2026-07-26,false,2026-04-05
ROI00088,MBR00051,Jessica Durham,Power of Attorney,true,2026-06-11,false,2023-08-19
ROI00089,MBR00051,Mark Miller,Power of Attorney,true,2026-09-20,false,2023-01-06
ROI00103,MBR00059,Tammy Johnson,Power of Attorney,true,2026-06-15,false,2024-02-18
ROI00115,MBR00065,Melissa Garcia,Power of Attorney,true,2027-05-02,false,2021-06-01
ROI00120,MBR00070,Ronnie Davies,Power of Attorney,true,2026-12-08,false,2023-09-05
ROI00136,MBR00078,Kevin Lopez,Power of Attorney,true,2027-11-26,false,2026-03-24
ROI00144,MBR00081,Elizabeth Robinson,Power of Attorney,true,2027-06-13,false,2022-09-18
ROI00150,MBR00084,Vincent Brown,Power of Attorney,true,2027-07-30,false,2020-07-13
ROI00153,MBR00086,Tammy Parsons,Power of Attorney,true,2027-07-21,false,2022-01-18
ROI00156,MBR00089,Susan Moore,Power of Attorney,true,2026-07-08,false,2021-02-20
ROI00171,MBR00096,Tony Wilson,Power of Attorney,true,2026-10-20,false,2020-07-21
ROI00175,MBR00098,Carrie Mcgee,Power of Attorney,true,2026-06-22,false,2021-04-30
ROI00177,MBR00098,John Meyers,Power of Attorney,true,2027-01-15,false,2023-03-10
ROI00188,MBR00104,Michael Long,Power of Attorney,true,2027-01-19,false,2023-03-29
ROI00195,MBR00109,Ernest Williams,Power of Attorney,true,2026-12-18,false,2021-09-04
ROI00199,MBR00110,William Barrett,Power of Attorney,true,2027-12-31,false,2022-11-03
ROI00204,MBR00115,John Edwards,Power of Attorney,true,2027-12-31,false,2025-01-21
ROI00206,MBR00115,Melissa Bates,Power of Attorney,true,2026-12-02,false,2024-09-30
ROI00209,MBR00117,Leslie Ramirez,Power of Attorney,true,2027-09-21,false,2022-02-03
ROI00214,MBR00120,Briana Harris,Power of Attorney,true,2026-09-19,false,2021-12-01
ROI00215,MBR00120,Debra Schultz,Power of Attorney,true,2026-08-18,false,2021-05-24
ROI00216,MBR00121,Michelle Elliott,Power of Attorney,true,2026-06-14,false,2021-01-21
ROI00225,MBR00125,Courtney Lynn,Power of Attorney,true,2027-10-14,false,2023-02-04
ROI00232,MBR00129,Robert Byrd,Power of Attorney,true,2026-10-22,false,2021-03-25
ROI00244,MBR00138,Jeffrey Gomez,Power of Attorney,true,2027-05-28,false,2022-08-03
ROI00249,MBR00140,Angela Allen,Power of Attorney,true,2027-10-03,false,2020-06-16
ROI00250,MBR00141,Kenneth Miller,Power of Attorney,true,2028-01-27,false,2022-06-12
ROI00256,MBR00146,Breanna Jimenez,Power of Attorney,true,2027-08-13,false,2020-08-16
ROI00262,MBR00149,Melinda Williams,Power of Attorney,true,2026-12-28,false,2022-02-11
ROI00268,MBR00152,Gail Shelton,Power of Attorney,true,2027-05-27,false,2023-08-06
ROI00272,MBR00155,John Baker,Power of Attorney,true,2027-10-27,false,2021-02-05
ROI00274,MBR00156,Tanya Haley,Power of Attorney,true,2026-09-04,false,2024-04-06
ROI00275,MBR00156,Stephanie Walls,Power of Attorney,true,2027-03-06,false,2023-10-19
ROI00287,MBR00163,Jessica Taylor,Power of Attorney,true,2027-07-10,false,2025-08-21
ROI00291,MBR00166,Jason Rivera,Power of Attorney,true,2027-05-16,false,2023-06-08
ROI00292,MBR00167,Melvin Vaughan,Power of Attorney,true,2026-12-16,false,2021-08-07
ROI00304,MBR00173,Luke Daniel,Power of Attorney,true,2026-08-30,false,2025-01-03
ROI00307,MBR00175,Michael Estrada,Power of Attorney,true,2026-12-07,false,2025-03-01
ROI00317,MBR00181,Joseph Graves,Power of Attorney,true,2026-11-13,false,2020-09-14
ROI00322,MBR00183,Aaron Guerrero,Power of Attorney,true,2027-04-14,false,2021-05-20
ROI00323,MBR00183,Dustin Ramirez,Power of Attorney,true,2027-01-18,false,2020-12-21
ROI00326,MBR00185,Geoffrey Rodriguez DDS,Power of Attorney,true,2027-06-04,false,2024-05-19
ROI00336,MBR00189,John Juarez,Power of Attorney,true,2026-09-11,false,2025-02-23
ROI00342,MBR00194,Sarah Castro,Power of Attorney,true,2028-03-31,false,2022-06-29
ROI00345,MBR00195,Tiffany Gibbs,Power of Attorney,true,2028-06-03,false,2022-11-23
ROI00001,MBR00001,Daniel Barrett,Sibling,true,2027-06-23,false,2024-04-10
ROI00009,MBR00007,Darlene Davis,Sibling,true,2027-08-22,false,2025-04-25
ROI00015,MBR00010,Thomas Cole,Sibling,true,2027-10-08,false,2025-05-24
ROI00020,MBR00013,David Miller,Sibling,true,2026-11-25,false,2020-11-07
ROI00029,MBR00018,Nicholas Cooper,Sibling,true,2026-07-12,false,2022-11-08
ROI00038,MBR00024,Rebecca Harris,Sibling,true,2026-11-30,false,2023-12-19
ROI00047,MBR00028,Dr. Jeffery Miller,Sibling,true,2027-11-18,false,2023-11-15
ROI00062,MBR00036,Hannah Fletcher,Sibling,true,2028-02-12,false,2022-10-31
ROI00064,MBR00036,Jeff Wright,Sibling,true,2028-04-04,false,2021-10-28
ROI00066,MBR00038,Alyssa Wade,Sibling,true,2027-12-24,false,2021-10-05
ROI00071,MBR00041,Michael Cruz,Sibling,true,2026-08-13,false,2025-03-04
ROI00091,MBR00052,David Washington,Sibling,true,2028-01-06,false,2024-09-15
ROI00094,MBR00054,Daniel Conner,Sibling,true,2027-12-02,false,2026-04-04
ROI00104,MBR00059,Joseph Tapia,Sibling,true,2026-10-30,false,2024-01-19
ROI00110,MBR00061,Cynthia Washington,Sibling,true,2026-11-01,false,2023-10-01
ROI00114,MBR00065,Teresa Alvarez,Sibling,true,2028-05-07,false,2020-07-04
ROI00127,MBR00074,Tiffany Lambert,Sibling,true,2028-02-25,false,2021-03-23
ROI00128,MBR00075,Tammy Schultz,Sibling,true,2026-09-06,false,2020-11-27
ROI00139,MBR00080,Kevin Lee,Sibling,true,2027-11-19,false,2022-04-08
ROI00145,MBR00082,Brittany Campbell,Sibling,true,2027-08-14,false,2023-01-23
ROI00146,MBR00083,Sarah Carey,Sibling,true,2026-07-19,false,2022-03-04
ROI00149,MBR00084,Lynn Lewis,Sibling,true,2027-05-01,false,2023-05-05
ROI00183,MBR00101,Anna Watkins,Sibling,true,2026-08-09,false,2026-05-21
ROI00190,MBR00105,Ryan Ryan,Sibling,true,2027-07-17,false,2021-10-05
ROI00192,MBR00106,Matthew Wilson,Sibling,true,2026-08-23,false,2023-07-06
ROI00213,MBR00120,Tony Rhodes,Sibling,true,2026-06-16,false,2021-11-20
ROI00220,MBR00123,Victor Wright,Sibling,true,2027-09-27,false,2021-11-16
ROI00221,MBR00123,Joseph Sutton,Sibling,true,2028-05-30,false,2026-03-27
ROI00224,MBR00124,Denise Garcia,Sibling,true,2026-08-17,false,2021-09-25
ROI00245,MBR00139,Dustin Cisneros,Sibling,true,2027-09-20,false,2021-01-28
ROI00257,MBR00147,Megan Patel,Sibling,true,2027-06-22,false,2024-05-29
ROI00265,MBR00150,Casey Gomez,Sibling,true,2026-11-29,false,2021-04-26
ROI00313,MBR00179,Bryan Morales,Sibling,true,2026-10-23,false,2023-08-19
ROI00314,MBR00179,Corey Thomas,Sibling,true,2027-07-31,false,2020-01-14
ROI00335,MBR00189,Tom Montgomery,Sibling,true,2027-06-03,false,2024-06-14
ROI00337,MBR00189,Brittany Anderson,Sibling,true,2026-07-26,false,2025-08-01
ROI00004,MBR00002,Dr. Micheal Moody DVM,Spouse,true,2027-01-30,false,2024-10-08
ROI00016,MBR00011,Natalie Gordon,Spouse,true,2026-10-18,false,2021-12-09
ROI00031,MBR00019,Rebecca Horton MD,Spouse,true,2026-12-28,false,2021-04-01
ROI00039,MBR00024,Jessica Mcdonald,Spouse,true,2026-06-22,false,2020-10-02
ROI00044,MBR00027,Dr. Ian Gray,Spouse,true,2027-01-31,false,2020-05-26
ROI00052,MBR00030,Mr. Miguel Gonzalez,Spouse,true,2028-05-31,false,2020-03-04
ROI00073,MBR00043,Sherri Martin,Spouse,true,2027-10-15,false,2020-02-15
ROI00077,MBR00045,Ashley Armstrong,Spouse,true,2028-02-03,false,2025-05-30
ROI00083,MBR00049,Dylan Jordan,Spouse,true,2027-07-03,false,2023-09-19
ROI00084,MBR00049,Cody Taylor,Spouse,true,2026-06-30,false,2024-11-20
ROI00090,MBR00052,Caleb Brown,Spouse,true,2026-07-22,false,2024-02-13
ROI00097,MBR00055,Gabrielle Maldonado,Spouse,true,2026-12-11,false,2026-05-21
ROI00105,MBR00059,Danielle Hayes,Spouse,true,2027-05-19,false,2025-03-01
ROI00107,MBR00060,April Little,Spouse,true,2027-07-09,false,2021-01-30
ROI00117,MBR00067,Lawrence Joseph,Spouse,true,2027-06-20,false,2020-03-14
ROI00132,MBR00077,Thomas Paul,Spouse,true,2028-02-07,false,2020-01-19
ROI00140,MBR00080,Jeff Wise,Spouse,true,2027-04-24,false,2022-05-23
ROI00152,MBR00086,Taylor Walker,Spouse,true,2028-03-05,false,2024-01-31
ROI00165,MBR00094,John Merritt,Spouse,true,2027-06-10,false,2020-02-13
ROI00173,MBR00097,Nathan Sanchez,Spouse,true,2027-02-01,false,2020-07-16
ROI00186,MBR00104,Calvin Nguyen,Spouse,true,2027-09-02,false,2022-09-16
ROI00189,MBR00105,Rachel Moreno,Spouse,true,2027-06-28,false,2020-01-12
ROI00247,MBR00140,Mark Miller,Spouse,true,2026-11-22,false,2024-08-29
ROI00258,MBR00147,Adrian Lee,Spouse,true,2027-09-24,false,2024-04-18
ROI00261,MBR00148,Tami Kidd,Spouse,true,2027-02-25,false,2024-12-11
ROI00271,MBR00155,Sarah Hodge,Spouse,true,2028-03-22,false,2025-12-26
ROI00280,MBR00160,Gregory Bowen,Spouse,true,2028-05-16,false,2024-02-07
ROI00290,MBR00166,Ashley Mitchell,Spouse,true,2026-07-02,false,2026-06-03
ROI00309,MBR00177,John Patton,Spouse,true,2028-05-05,false,2025-07-29
ROI00324,MBR00183,Jessica King,Spouse,true,2027-10-29,false,2022-03-23
ROI00327,MBR00185,Patricia Anderson,Spouse,true,2026-12-07,false,2022-02-02
ROI00332,MBR00188,Mark Guzman,Spouse,true,2028-02-17,false,2023-03-22
ROI00074,MBR00043,Michael Mason,Child,true,2024-08-28,true,2024-03-06
ROI00212,MBR00119,Matthew Martin,Child,true,2024-12-06,true,2022-07-13
ROI00227,MBR00125,Leah Roman,Child,true,2025-11-18,true,2021-11-19
ROI00059,MBR00033,Tina Wise,Legal Guardian,true,2025-07-09,true,2021-07-17
ROI00092,MBR00053,Alexandra Adams,Legal Guardian,true,2025-12-30,true,2026-05-13
ROI00095,MBR00055,Joseph Hayden,Legal Guardian,true,2025-12-19,true,2025-06-10
ROI00111,MBR00062,Rebecca Bailey,Legal Guardian,true,2024-06-25,true,2024-02-09
ROI00234,MBR00129,Kevin Green,Legal Guardian,true,2023-09-17,true,2020-02-23
ROI00295,MBR00168,Phyllis Ross,Legal Guardian,true,2025-01-23,true,2021-05-01
ROI00330,MBR00186,Kevin Miller,Legal Guardian,true,2023-11-05,true,2024-12-18
ROI00025,MBR00016,Virginia Wallace,Parent,true,2026-02-08,true,2021-11-22
ROI00079,MBR00047,Robin Adams,Parent,true,2024-10-06,true,2024-07-31
ROI00086,MBR00050,Curtis Brady,Parent,true,2025-03-15,true,2023-05-10
ROI00096,MBR00055,John Sherman,Parent,true,2023-03-04,true,2024-10-22
ROI00137,MBR00079,Laura Anderson,Parent,true,2024-06-10,true,2025-04-18
ROI00154,MBR00087,Monica Evans,Parent,true,2024-11-13,true,2021-03-14
ROI00194,MBR00108,Melissa Smith,Parent,true,2026-01-05,true,2022-01-22
ROI00219,MBR00123,Emily French,Parent,true,2026-04-20,true,2026-05-19
ROI00320,MBR00182,Jack Hahn,Parent,true,2024-01-17,true,2025-03-11
ROI00350,MBR00199,Cheryl Olsen,Parent,true,2026-05-29,true,2022-11-05
ROI00003,MBR00002,Jennifer Saunders,Power of Attorney,true,2024-11-15,true,2023-11-22
ROI00108,MBR00061,Erica Schultz,Power of Attorney,true,2023-07-08,true,2024-07-07
ROI00197,MBR00109,Paul Miller,Power of Attorney,true,2023-03-07,true,2020-06-12
ROI00217,MBR00121,Kayla Martin,Power of Attorney,true,2023-08-18,true,2024-11-23
ROI00228,MBR00126,Gregory Armstrong,Power of Attorney,true,2023-12-30,true,2022-05-25
ROI00081,MBR00047,Christopher Vasquez,Sibling,true,2023-02-04,true,2024-07-13
ROI00106,MBR00060,Sheila Robertson,Sibling,true,2023-10-10,true,2023-04-30
ROI00121,MBR00070,Mrs. Stephanie Friedman,Sibling,true,2023-07-02,true,2025-10-31
ROI00184,MBR00102,Zachary Park,Sibling,true,2026-03-15,true,2026-02-20
ROI00231,MBR00128,Evan Walton,Sibling,true,2024-07-24,true,2023-02-15
ROI00253,MBR00143,Travis Rhodes,Sibling,true,2025-03-03,true,2021-10-26
ROI00302,MBR00173,Kyle Smith,Sibling,true,2023-09-07,true,2025-12-14
ROI00319,MBR00182,Jeffery Williams,Sibling,true,2023-11-08,true,2021-12-30
ROI00014,MBR00010,Mary Jones,Spouse,true,2026-01-04,true,2021-03-19
ROI00069,MBR00039,Candice Wilson,Spouse,true,2023-08-28,true,2022-01-28
ROI00123,MBR00071,Melissa Garcia,Spouse,true,2025-05-09,true,2024-05-14
ROI00141,MBR00080,Taylor Martinez,Spouse,true,2024-11-11,true,2021-09-21
ROI00157,MBR00089,James Henderson,Spouse,true,2023-06-20,true,2025-03-10
ROI00169,MBR00096,William Shelton,Spouse,true,2024-08-01,true,2025-07-09
ROI00182,MBR00101,Victoria Mendoza,Spouse,true,2025-03-05,true,2020-05-16
ROI00198,MBR00110,Edwin Burch,Spouse,true,2024-05-15,true,2026-01-24
ROI00241,MBR00135,Megan Barnes,Spouse,true,2024-11-18,true,2024-07-25
ROI00294,MBR00168,Jon Maldonado Jr.,Spouse,true,2024-05-05,true,2025-01-30